"Ref_count","Alt_count","Marker"
36,45,"Truncal"
56,54,"Truncal"
36,39,"Truncal"
52,44,"Truncal"
47,58,"Truncal"
53,43,"Truncal"
47,60,"Truncal"
45,57,"Truncal"
57,55,"Truncal"
60,59,"Truncal"
47,49,"Truncal"
51,55,"Truncal"
44,51,"Truncal"
59,52,"Truncal"
61,52,"Truncal"
42,55,"Truncal"
53,44,"Truncal"
51,37,"Truncal"
57,44,"Truncal"
49,40,"Truncal"
56,47,"Truncal"
49,46,"Truncal"
39,53,"Truncal"
43,36,"Truncal"
42,42,"Truncal"
48,41,"Truncal"
47,59,"Truncal"
52,61,"Truncal"
39,50,"Truncal"
50,45,"Truncal"
39,44,"Truncal"
44,45,"Truncal"
40,39,"Truncal"
50,62,"Truncal"
48,56,"Truncal"
50,40,"Truncal"
51,49,"Truncal"
59,37,"Truncal"
45,51,"Truncal"
51,51,"Truncal"
44,52,"Truncal"
41,43,"Truncal"
43,41,"Truncal"
49,40,"Truncal"
44,68,"Truncal"
53,51,"Truncal"
47,53,"Truncal"
51,44,"Truncal"
41,55,"Truncal"
49,44,"Truncal"
53,39,"Truncal"
49,49,"Truncal"
41,52,"Truncal"
41,52,"Truncal"
52,54,"Truncal"
36,47,"Truncal"
45,49,"Truncal"
49,56,"Truncal"
52,53,"Truncal"
50,58,"Truncal"
53,59,"Truncal"
54,37,"Truncal"
48,50,"Truncal"
50,52,"Truncal"
45,45,"Truncal"
46,43,"Truncal"
57,48,"Truncal"
46,58,"Truncal"
47,47,"Truncal"
55,50,"Truncal"
53,60,"Truncal"
59,58,"Truncal"
38,62,"Truncal"
47,45,"Truncal"
53,51,"Truncal"
50,56,"Truncal"
48,37,"Truncal"
42,43,"Truncal"
53,60,"Truncal"
52,55,"Truncal"
55,47,"Truncal"
54,49,"Truncal"
54,41,"Truncal"
37,59,"Truncal"
50,54,"Truncal"
54,53,"Truncal"
46,67,"Truncal"
39,57,"Truncal"
42,51,"Truncal"
48,54,"Truncal"
56,54,"Truncal"
50,46,"Truncal"
51,53,"Truncal"
53,50,"Truncal"
70,58,"Truncal"
51,42,"Truncal"
35,46,"Truncal"
53,58,"Truncal"
51,44,"Truncal"
56,56,"Truncal"
55,56,"Truncal"
49,39,"Truncal"
46,52,"Truncal"
38,47,"Truncal"
36,53,"Truncal"
46,49,"Truncal"
51,59,"Truncal"
45,46,"Truncal"
41,38,"Truncal"
52,58,"Truncal"
55,50,"Truncal"
43,52,"Truncal"
37,52,"Truncal"
61,51,"Truncal"
45,49,"Truncal"
40,44,"Truncal"
51,49,"Truncal"
50,61,"Truncal"
56,56,"Truncal"
46,35,"Truncal"
40,47,"Truncal"
53,47,"Truncal"
59,40,"Truncal"
54,55,"Truncal"
50,58,"Truncal"
45,56,"Truncal"
52,50,"Truncal"
49,52,"Truncal"
53,48,"Truncal"
41,44,"Truncal"
42,52,"Truncal"
53,47,"Truncal"
50,51,"Truncal"
50,44,"Truncal"
38,50,"Truncal"
59,57,"Truncal"
54,55,"Truncal"
48,57,"Truncal"
43,64,"Truncal"
61,42,"Truncal"
48,53,"Truncal"
40,62,"Truncal"
45,43,"Truncal"
51,47,"Truncal"
55,57,"Truncal"
44,53,"Truncal"
57,54,"Truncal"
52,58,"Truncal"
46,69,"Truncal"
45,39,"Truncal"
40,37,"Truncal"
55,57,"Truncal"
41,49,"Truncal"
51,52,"Truncal"
41,37,"Truncal"
48,39,"Truncal"
57,44,"Truncal"
35,48,"Truncal"
35,33,"Truncal"
64,64,"Truncal"
50,46,"Truncal"
41,56,"Truncal"
44,54,"Truncal"
44,62,"Truncal"
53,38,"Truncal"
54,57,"Truncal"
51,61,"Truncal"
48,50,"Truncal"
50,47,"Truncal"
56,50,"Truncal"
55,63,"Truncal"
49,45,"Truncal"
50,52,"Truncal"
52,55,"Truncal"
58,57,"Truncal"
60,37,"Truncal"
42,42,"Truncal"
44,65,"Truncal"
38,45,"Truncal"
43,56,"Truncal"
39,64,"Truncal"
50,48,"Truncal"
48,41,"Truncal"
43,58,"Truncal"
59,47,"Truncal"
39,47,"Truncal"
54,36,"Truncal"
59,42,"Truncal"
56,51,"Truncal"
46,49,"Truncal"
49,53,"Truncal"
56,55,"Truncal"
49,39,"Truncal"
42,59,"Truncal"
48,42,"Truncal"
38,46,"Truncal"
44,54,"Truncal"
53,41,"Truncal"
63,54,"Truncal"
50,41,"Truncal"
52,48,"Truncal"
48,58,"Truncal"
47,49,"Truncal"
43,51,"Truncal"
40,46,"Truncal"
56,60,"Truncal"
44,52,"Truncal"
66,50,"Truncal"
55,51,"Truncal"
44,35,"Truncal"
57,58,"Truncal"
41,62,"Truncal"
55,56,"Truncal"
49,52,"Truncal"
47,47,"Truncal"
54,42,"Truncal"
54,56,"Truncal"
59,62,"Truncal"
40,48,"Truncal"
61,48,"Truncal"
50,43,"Truncal"
43,43,"Truncal"
52,40,"Truncal"
49,52,"Truncal"
53,47,"Truncal"
50,62,"Truncal"
58,47,"Truncal"
56,65,"Truncal"
45,53,"Truncal"
46,47,"Truncal"
56,51,"Truncal"
50,62,"Truncal"
47,42,"Truncal"
41,63,"Truncal"
50,54,"Truncal"
48,46,"Truncal"
57,44,"Truncal"
56,64,"Truncal"
47,67,"Truncal"
54,65,"Truncal"
55,53,"Truncal"
44,42,"Truncal"
39,47,"Truncal"
52,45,"Truncal"
57,55,"Truncal"
53,46,"Truncal"
47,40,"Truncal"
53,44,"Truncal"
61,48,"Truncal"
56,46,"Truncal"
49,54,"Truncal"
62,60,"Truncal"
45,48,"Truncal"
42,49,"Truncal"
46,46,"Truncal"
54,47,"Truncal"
63,50,"Truncal"
47,52,"Truncal"
46,47,"Truncal"
57,54,"Truncal"
53,52,"Truncal"
51,37,"Truncal"
49,52,"Truncal"
48,50,"Truncal"
44,47,"Truncal"
52,46,"Truncal"
45,49,"Truncal"
53,48,"Truncal"
48,42,"Truncal"
67,47,"Truncal"
54,53,"Truncal"
59,56,"Truncal"
52,35,"Truncal"
51,52,"Truncal"
55,49,"Truncal"
53,38,"Truncal"
48,52,"Truncal"
51,53,"Truncal"
47,54,"Truncal"
47,46,"Truncal"
57,54,"Truncal"
64,46,"Truncal"
55,53,"Truncal"
58,51,"Truncal"
52,48,"Truncal"
50,41,"Truncal"
47,56,"Truncal"
43,52,"Truncal"
48,47,"Truncal"
45,54,"Truncal"
47,61,"Truncal"
34,53,"Truncal"
43,47,"Truncal"
38,56,"Truncal"
44,43,"Truncal"
40,50,"Truncal"
50,57,"Truncal"
52,52,"Truncal"
50,51,"Truncal"
53,52,"Truncal"
47,50,"Truncal"
47,53,"Truncal"
47,45,"Truncal"
51,56,"Truncal"
59,45,"Truncal"
55,50,"Truncal"
45,57,"Truncal"
75,55,"Truncal"
41,60,"Truncal"
53,52,"Truncal"
52,53,"Truncal"
46,53,"Truncal"
43,45,"Truncal"
54,50,"Truncal"
51,47,"Truncal"
55,40,"Truncal"
60,56,"Truncal"
49,55,"Truncal"
45,48,"Truncal"
48,51,"Truncal"
37,48,"Truncal"
59,42,"Truncal"
50,59,"Truncal"
45,52,"Truncal"
47,51,"Truncal"
43,37,"Truncal"
54,53,"Truncal"
53,56,"Truncal"
49,51,"Truncal"
50,54,"Truncal"
46,47,"Truncal"
46,39,"Truncal"
38,60,"Truncal"
58,55,"Truncal"
47,48,"Truncal"
46,49,"Truncal"
35,53,"Truncal"
55,51,"Truncal"
51,51,"Truncal"
48,52,"Truncal"
51,63,"Truncal"
46,44,"Truncal"
50,66,"Truncal"
40,47,"Truncal"
36,52,"Truncal"
51,53,"Truncal"
48,58,"Truncal"
57,52,"Truncal"
40,51,"Truncal"
53,56,"Truncal"
50,58,"Truncal"
46,48,"Truncal"
50,47,"Truncal"
47,49,"Truncal"
52,43,"Truncal"
40,51,"Truncal"
44,48,"Truncal"
47,51,"Truncal"
39,50,"Truncal"
50,43,"Truncal"
58,55,"Truncal"
51,58,"Truncal"
52,43,"Truncal"
50,38,"Truncal"
51,57,"Truncal"
51,47,"Truncal"
28,50,"Truncal"
60,58,"Truncal"
55,46,"Truncal"
54,46,"Truncal"
53,59,"Truncal"
47,62,"Truncal"
42,47,"Truncal"
59,53,"Truncal"
40,55,"Truncal"
61,59,"Truncal"
51,44,"Truncal"
58,54,"Truncal"
46,51,"Truncal"
51,54,"Truncal"
44,52,"Truncal"
49,50,"Truncal"
49,51,"Truncal"
59,61,"Truncal"
49,54,"Truncal"
54,43,"Truncal"
66,47,"Truncal"
45,51,"Truncal"
43,46,"Truncal"
52,40,"Truncal"
42,67,"Truncal"
45,56,"Truncal"
42,53,"Truncal"
50,52,"Truncal"
60,60,"Truncal"
50,51,"Truncal"
52,56,"Truncal"
31,52,"Truncal"
51,60,"Truncal"
39,44,"Truncal"
59,56,"Truncal"
47,58,"Truncal"
44,58,"Truncal"
37,37,"Truncal"
50,45,"Truncal"
55,45,"Truncal"
41,50,"Truncal"
61,50,"Truncal"
47,43,"Truncal"
43,59,"Truncal"
47,48,"Truncal"
39,55,"Truncal"
55,46,"Truncal"
38,51,"Truncal"
48,40,"Truncal"
56,44,"Truncal"
32,38,"Truncal"
43,59,"Truncal"
47,40,"Truncal"
46,51,"Truncal"
56,51,"Truncal"
47,47,"Truncal"
48,36,"Truncal"
49,44,"Truncal"
56,45,"Truncal"
53,57,"Truncal"
49,45,"Truncal"
56,49,"Truncal"
46,64,"Truncal"
58,44,"Truncal"
70,40,"Truncal"
54,53,"Truncal"
39,45,"Truncal"
39,55,"Truncal"
51,42,"Truncal"
26,59,"Truncal"
50,32,"Truncal"
60,61,"Truncal"
61,50,"Truncal"
37,52,"Truncal"
43,50,"Truncal"
54,61,"Truncal"
42,58,"Truncal"
47,42,"Truncal"
48,51,"Truncal"
46,44,"Truncal"
52,41,"Truncal"
45,50,"Truncal"
64,54,"Truncal"
56,51,"Truncal"
61,50,"Truncal"
51,49,"Truncal"
45,67,"Truncal"
50,59,"Truncal"
63,50,"Truncal"
51,48,"Truncal"
58,46,"Truncal"
55,50,"Truncal"
48,44,"Truncal"
43,48,"Truncal"
49,49,"Truncal"
48,48,"Truncal"
50,56,"Truncal"
59,47,"Truncal"
53,48,"Truncal"
43,57,"Truncal"
50,44,"Truncal"
55,39,"Truncal"
45,44,"Truncal"
56,51,"Truncal"
56,45,"Truncal"
58,41,"Truncal"
56,52,"Truncal"
38,52,"Truncal"
38,51,"Truncal"
52,45,"Truncal"
42,55,"Truncal"
45,47,"Truncal"
47,48,"Truncal"
57,55,"Truncal"
47,66,"Truncal"
52,47,"Truncal"
49,59,"Truncal"
49,51,"Truncal"
44,45,"Truncal"
63,49,"Truncal"
48,51,"Truncal"
51,55,"Truncal"
46,53,"Truncal"
52,43,"Truncal"
41,46,"Truncal"
45,52,"Truncal"
44,56,"Truncal"
55,61,"Truncal"
62,47,"Truncal"
58,47,"Truncal"
46,40,"Truncal"
60,47,"Truncal"
49,48,"Truncal"
40,47,"Truncal"
42,46,"Truncal"
56,55,"Truncal"
64,65,"Truncal"
40,39,"Truncal"
45,62,"Truncal"
50,49,"Truncal"
35,61,"Truncal"
54,40,"Truncal"
53,44,"Truncal"
42,50,"Truncal"
42,52,"Truncal"
39,62,"Truncal"
60,48,"Truncal"
53,55,"Truncal"
53,50,"Truncal"
42,48,"Truncal"
47,44,"Truncal"
77,53,"Truncal"
44,43,"Truncal"
51,60,"Truncal"
44,45,"Truncal"
52,40,"Truncal"
65,42,"Truncal"
61,42,"Truncal"
56,56,"Truncal"
34,58,"Truncal"
47,47,"Truncal"
54,43,"Truncal"
52,45,"Truncal"
56,44,"Truncal"
50,51,"Truncal"
50,54,"Truncal"
45,56,"Truncal"
54,44,"Truncal"
49,50,"Foreground_0"
67,52,"Foreground_0"
49,43,"Foreground_0"
48,52,"Foreground_0"
59,56,"Foreground_0"
41,43,"Foreground_0"
51,41,"Foreground_0"
65,40,"Foreground_0"
55,42,"Foreground_0"
46,47,"Foreground_0"
48,57,"Foreground_0"
45,33,"Foreground_0"
61,51,"Foreground_0"
49,49,"Foreground_0"
49,45,"Foreground_0"
74,38,"Foreground_0"
61,40,"Foreground_0"
59,41,"Foreground_0"
44,31,"Foreground_0"
43,42,"Foreground_0"
64,34,"Foreground_0"
59,47,"Foreground_0"
54,42,"Foreground_0"
74,36,"Foreground_0"
72,48,"Foreground_0"
63,37,"Foreground_0"
56,49,"Foreground_0"
56,42,"Foreground_0"
54,35,"Foreground_0"
65,41,"Foreground_0"
61,41,"Foreground_0"
56,47,"Foreground_0"
99,13,"Foreground_0"
88,13,"Foreground_0"
81,8,"Foreground_0"
90,10,"Foreground_0"
83,14,"Foreground_0"
80,8,"Foreground_0"
85,5,"Foreground_0"
91,4,"Foreground_0"
86,5,"Foreground_0"
89,7,"Foreground_0"
83,6,"Foreground_0"
103,4,"Foreground_0"
86,4,"Foreground_0"
81,11,"Foreground_0"
91,8,"Foreground_0"
99,5,"Foreground_0"
112,8,"Foreground_0"
102,7,"Foreground_0"
95,6,"Foreground_0"
94,6,"Foreground_0"
68,23,"Foreground_0"
78,35,"Foreground_0"
67,22,"Foreground_0"
67,30,"Foreground_0"
62,27,"Foreground_0"
86,19,"Foreground_0"
71,31,"Foreground_0"
70,25,"Foreground_0"
63,24,"Foreground_0"
76,25,"Foreground_0"
81,28,"Foreground_0"
69,21,"Foreground_0"
82,26,"Foreground_0"
64,33,"Foreground_0"
102,12,"Foreground_0"
83,10,"Foreground_0"
95,10,"Foreground_0"
84,12,"Foreground_0"
74,12,"Foreground_0"
96,12,"Foreground_0"
91,11,"Foreground_0"
96,17,"Foreground_0"
85,12,"Foreground_0"
85,13,"Foreground_0"
91,8,"Foreground_0"
103,5,"Foreground_0"
82,4,"Foreground_0"
89,4,"Foreground_0"
100,4,"Foreground_0"
94,6,"Foreground_0"
91,6,"Foreground_0"
104,9,"Foreground_0"
101,5,"Foreground_0"
95,4,"Foreground_0"
85,5,"Foreground_0"
91,4,"Foreground_0"
97,8,"Foreground_0"
102,7,"Foreground_0"
110,4,"Foreground_0"
103,4,"Foreground_0"
95,6,"Foreground_0"
95,6,"Foreground_0"
109,8,"Foreground_0"
103,6,"Foreground_0"
98,6,"Foreground_0"
100,4,"Foreground_0"
91,5,"Foreground_0"
99,6,"Foreground_0"
97,7,"Foreground_0"
85,5,"Foreground_0"
95,8,"Foreground_0"
82,6,"Foreground_0"
89,5,"Foreground_0"
80,13,"Foreground_0"
105,12,"Foreground_0"
95,10,"Foreground_0"
91,15,"Foreground_0"
105,12,"Foreground_0"
91,15,"Foreground_0"
91,12,"Foreground_0"
103,7,"Foreground_0"
76,17,"Foreground_0"
103,4,"Foreground_0"
102,10,"Foreground_0"
104,15,"Foreground_0"
62,14,"Foreground_0"
89,5,"Foreground_0"
110,8,"Foreground_0"
94,4,"Foreground_0"
87,8,"Foreground_0"
74,4,"Foreground_0"
108,11,"Foreground_0"
97,7,"Foreground_0"
93,6,"Foreground_0"
76,6,"Foreground_0"
98,4,"Foreground_0"
115,4,"Foreground_0"
83,5,"Foreground_0"
100,9,"Foreground_0"
108,5,"Foreground_0"
93,5,"Foreground_0"
87,8,"Foreground_0"
85,6,"Foreground_0"
97,9,"Foreground_0"
87,5,"Foreground_0"
98,8,"Foreground_0"
108,5,"Foreground_0"
102,4,"Foreground_0"
98,4,"Foreground_0"
109,8,"Foreground_0"
98,9,"Foreground_0"
83,7,"Foreground_0"
102,7,"Foreground_0"
79,10,"Foreground_0"
85,8,"Foreground_0"
93,8,"Foreground_0"
83,7,"Foreground_0"
83,7,"Foreground_0"
82,7,"Foreground_0"
94,7,"Foreground_0"
89,8,"Foreground_0"
87,14,"Foreground_0"
102,8,"Foreground_0"
92,11,"Foreground_0"
96,14,"Foreground_0"
105,7,"Foreground_0"
102,6,"Foreground_0"
87,13,"Foreground_0"
105,5,"Foreground_0"
88,5,"Foreground_0"
97,5,"Foreground_0"
82,8,"Foreground_0"
90,4,"Foreground_0"
110,4,"Foreground_0"
94,12,"Foreground_0"
66,12,"Foreground_0"
74,7,"Foreground_0"
94,4,"Foreground_0"
84,7,"Foreground_0"
88,7,"Foreground_0"
87,5,"Foreground_0"
108,4,"Foreground_0"
110,4,"Foreground_0"
91,4,"Foreground_0"
82,4,"Foreground_0"
85,8,"Foreground_0"
83,6,"Foreground_0"
117,5,"Foreground_0"
110,5,"Foreground_0"
109,4,"Foreground_0"
92,4,"Foreground_0"
92,4,"Foreground_0"
82,4,"Foreground_0"
87,4,"Foreground_0"
88,4,"Foreground_0"
95,5,"Foreground_0"
112,5,"Foreground_0"
94,7,"Foreground_0"
87,6,"Foreground_0"
85,4,"Foreground_0"
96,6,"Foreground_0"
102,6,"Foreground_0"
98,5,"Foreground_0"
97,6,"Foreground_0"
116,4,"Foreground_0"
94,5,"Foreground_0"
69,6,"Foreground_0"
100,5,"Foreground_0"
118,5,"Foreground_0"
98,4,"Foreground_0"
100,5,"Foreground_0"
105,5,"Foreground_0"
92,4,"Foreground_0"
96,4,"Foreground_0"
101,5,"Foreground_0"
90,6,"Foreground_0"
106,4,"Foreground_0"
92,6,"Foreground_0"
107,6,"Foreground_0"
80,9,"Foreground_0"
88,5,"Foreground_0"
84,5,"Foreground_0"
99,5,"Foreground_0"
111,5,"Foreground_0"
100,7,"Foreground_0"
97,4,"Foreground_0"
99,5,"Foreground_0"
104,6,"Foreground_0"
97,5,"Foreground_0"
97,4,"Foreground_0"
78,7,"Foreground_0"
99,4,"Foreground_0"
121,5,"Foreground_0"
101,6,"Foreground_0"
98,5,"Foreground_0"
97,4,"Foreground_0"
95,5,"Foreground_0"
80,7,"Foreground_0"
104,10,"Foreground_0"
94,5,"Foreground_0"
85,4,"Foreground_0"
87,6,"Foreground_0"
97,8,"Foreground_0"
90,7,"Foreground_0"
94,5,"Foreground_0"
100,5,"Foreground_0"
95,5,"Foreground_0"
109,7,"Foreground_0"
92,5,"Foreground_0"
94,5,"Foreground_0"
113,4,"Foreground_0"
87,5,"Foreground_0"
90,4,"Foreground_0"
117,5,"Foreground_0"
104,5,"Foreground_0"
103,4,"Foreground_0"
87,6,"Foreground_0"
96,5,"Foreground_0"
89,5,"Foreground_0"
87,6,"Foreground_0"
99,4,"Foreground_0"
102,5,"Foreground_0"
81,4,"Foreground_0"
114,6,"Foreground_0"
86,6,"Foreground_0"
93,7,"Foreground_0"
102,5,"Foreground_0"
82,6,"Foreground_0"
103,6,"Foreground_0"
96,7,"Foreground_0"
96,6,"Foreground_0"
118,5,"Foreground_0"
101,7,"Foreground_0"
91,4,"Foreground_0"
88,4,"Foreground_0"
107,6,"Foreground_0"
87,4,"Foreground_0"
113,4,"Foreground_0"
85,4,"Foreground_0"
86,5,"Foreground_0"
108,4,"Foreground_0"
99,7,"Foreground_0"
86,6,"Foreground_0"
81,5,"Foreground_0"
112,4,"Foreground_0"
93,4,"Foreground_0"
93,5,"Foreground_0"
88,6,"Foreground_0"
103,5,"Foreground_0"
119,4,"Foreground_0"
91,6,"Foreground_0"
90,4,"Foreground_0"
89,5,"Foreground_0"
89,8,"Foreground_0"
98,4,"Foreground_0"
104,9,"Foreground_0"
80,4,"Foreground_0"
98,4,"Foreground_0"
84,6,"Foreground_0"
115,8,"Foreground_0"
103,4,"Foreground_0"
110,6,"Foreground_0"
88,6,"Foreground_0"
87,5,"Foreground_0"
77,6,"Foreground_0"
116,5,"Foreground_0"
107,4,"Foreground_0"
98,7,"Foreground_0"
99,4,"Foreground_0"
97,6,"Foreground_0"
102,6,"Foreground_0"
110,5,"Foreground_0"
91,7,"Foreground_0"
93,4,"Foreground_0"
103,5,"Foreground_0"
90,5,"Foreground_0"
96,5,"Foreground_0"
84,4,"Foreground_0"
95,5,"Foreground_0"
88,4,"Foreground_0"
87,4,"Foreground_0"
89,5,"Foreground_0"
101,4,"Foreground_0"
77,4,"Foreground_0"
91,4,"Foreground_0"
94,5,"Foreground_0"
97,5,"Foreground_0"
102,7,"Foreground_0"
111,4,"Foreground_0"
91,4,"Foreground_0"
83,4,"Foreground_0"
97,6,"Foreground_0"
81,6,"Foreground_0"
97,8,"Foreground_0"
83,10,"Foreground_0"
97,6,"Foreground_0"
90,7,"Foreground_0"
92,8,"Foreground_0"
92,5,"Foreground_0"
101,7,"Foreground_0"
79,4,"Foreground_0"
84,9,"Foreground_0"
93,4,"Foreground_0"
106,6,"Foreground_0"
84,4,"Foreground_0"
100,11,"Foreground_0"
87,4,"Foreground_0"
83,5,"Foreground_0"
96,6,"Foreground_0"
98,4,"Foreground_0"
96,5,"Foreground_0"
94,4,"Foreground_0"
94,7,"Foreground_0"
100,4,"Foreground_0"
88,4,"Foreground_0"
92,6,"Foreground_0"
88,6,"Foreground_0"
86,5,"Foreground_0"
88,4,"Foreground_0"
103,4,"Foreground_0"
112,4,"Foreground_0"
107,5,"Foreground_0"
85,4,"Foreground_0"
105,4,"Foreground_0"
112,8,"Foreground_0"
91,4,"Foreground_0"
104,4,"Foreground_0"
99,4,"Foreground_0"
104,6,"Foreground_0"
110,4,"Foreground_0"
79,4,"Foreground_0"
114,5,"Foreground_0"
86,4,"Foreground_0"
102,7,"Foreground_0"
101,4,"Foreground_0"
101,6,"Foreground_0"
91,4,"Foreground_0"
99,4,"Foreground_0"
90,4,"Foreground_0"
99,5,"Foreground_0"
89,8,"Foreground_0"
102,4,"Foreground_0"
99,6,"Foreground_0"
99,6,"Foreground_0"
102,4,"Foreground_0"
100,4,"Foreground_0"
89,4,"Foreground_0"
104,5,"Foreground_0"
88,5,"Foreground_0"
100,4,"Foreground_0"
95,6,"Foreground_0"
95,4,"Foreground_0"
98,4,"Foreground_0"
106,4,"Foreground_0"
107,4,"Foreground_0"
107,4,"Foreground_0"
99,5,"Foreground_0"
115,5,"Foreground_0"
105,4,"Foreground_0"
83,4,"Foreground_0"
95,6,"Foreground_0"
118,4,"Foreground_0"
111,4,"Foreground_0"
86,6,"Foreground_0"
103,4,"Foreground_0"
107,4,"Foreground_0"
105,6,"Foreground_0"
106,5,"Foreground_0"
107,4,"Foreground_0"
92,4,"Foreground_0"
109,5,"Foreground_0"
94,4,"Foreground_0"
99,5,"Foreground_0"
114,4,"Foreground_0"
109,4,"Foreground_0"
115,4,"Foreground_0"
115,4,"Foreground_0"
81,6,"Foreground_0"
90,5,"Foreground_0"
89,5,"Foreground_0"
94,4,"Foreground_0"
115,4,"Foreground_0"
100,4,"Foreground_0"
101,4,"Foreground_0"
119,7,"Foreground_0"
84,4,"Foreground_0"
97,4,"Foreground_0"
90,5,"Foreground_0"
107,4,"Foreground_0"
91,5,"Foreground_0"
89,5,"Foreground_0"
78,4,"Foreground_0"
81,4,"Foreground_0"
94,4,"Foreground_0"
90,4,"Foreground_0"
106,4,"Foreground_0"
82,4,"Foreground_0"
91,4,"Foreground_0"
113,4,"Foreground_0"
111,4,"Foreground_0"
98,5,"Foreground_0"
86,4,"Foreground_0"
103,4,"Foreground_0"
86,4,"Foreground_0"
97,4,"Foreground_0"
89,4,"Foreground_0"
90,5,"Foreground_0"
101,4,"Foreground_0"
94,4,"Foreground_0"
97,4,"Foreground_0"
116,7,"Foreground_0"
128,4,"Foreground_0"
103,4,"Foreground_0"
109,4,"Foreground_0"
100,4,"Foreground_0"
89,4,"Foreground_0"
89,4,"Foreground_0"
99,4,"Foreground_0"
82,4,"Foreground_0"
100,4,"Foreground_0"
103,4,"Foreground_0"
103,4,"Foreground_0"
97,4,"Foreground_0"
100,4,"Foreground_0"
94,4,"Foreground_0"
106,4,"Foreground_0"
82,4,"Foreground_0"
96,4,"Foreground_0"
